{"cameraMode":{"drawMode":0,"name":"Shaded","section":"Shading Mode"},"sceneLighting":true,"audioPlay":false,"sceneViewState":{"m_AlwaysRefresh":false,"showFog":true,"showSkybox":true,"showFlares":true,"showImageEffects":true,"showParticleSystems":true,"showVisualEffectGraphs":true,"m_FxEnabled":true},"in2DMode":false,"pivot":{"x":487.35748291015627,"y":106.6567611694336,"z":2.290466070175171},"rotation":{"x":0.031178755685687066,"y":-0.02039138786494732,"z":-0.00063632259843871,"w":-0.9993061423301697},"size":273.4986877441406,"orthographic":false}